{"chunk_definitions":[{"row":18,"row_count":1,"visible":true,"expansion_state":0,"options":{"engine":"r","label":"unnamed-chunk-38"},"document_id":"1B69A37B","chunk_id":"c6bewsa0qmbub","chunk_label":"unnamed-chunk-1"},{"row":24,"row_count":1,"visible":true,"expansion_state":0,"options":{"engine":"r","label":"unnamed-chunk-28"},"document_id":"1B69A37B","chunk_id":"cz4nts58mco2r","chunk_label":"unnamed-chunk-2"},{"row":31,"row_count":1,"visible":true,"expansion_state":0,"options":{"engine":"r","label":"unnamed-chunk-29"},"document_id":"1B69A37B","chunk_id":"c5xzax7sonnhk","chunk_label":"unnamed-chunk-3"},{"row":40,"row_count":1,"visible":true,"expansion_state":0,"options":{"engine":"r","label":"unnamed-chunk-30"},"document_id":"1B69A37B","chunk_id":"cvai11v5zq3a5","chunk_label":"unnamed-chunk-4"},{"row":52,"row_count":1,"visible":true,"expansion_state":0,"options":{"engine":"r","label":"unnamed-chunk-4"},"document_id":"1B69A37B","chunk_id":"csmxxzxgbv3lz","chunk_label":"unnamed-chunk-5"},{"row":62,"row_count":1,"visible":true,"expansion_state":0,"options":{"engine":"r","label":"unnamed-chunk-34"},"document_id":"1B69A37B","chunk_id":"cqqlpxorn8jbu","chunk_label":"unnamed-chunk-6"},{"row":77,"row_count":1,"visible":true,"expansion_state":0,"options":{"engine":"r","label":"unnamed-chunk-47"},"document_id":"1B69A37B","chunk_id":"cz5enc06syzoq","chunk_label":"unnamed-chunk-7"},{"row":123,"row_count":1,"visible":true,"expansion_state":0,"options":{"engine":"r","label":"unnamed-chunk-46"},"document_id":"1B69A37B","chunk_id":"c6a816jh2pcmz","chunk_label":"unnamed-chunk-8"},{"row":143,"row_count":1,"visible":true,"expansion_state":0,"options":{"engine":"r","label":"unnamed-chunk-56"},"document_id":"1B69A37B","chunk_id":"c9b1v5lo7u7iz","chunk_label":"unnamed-chunk-9"}],"doc_write_time":1677778214,"chunk_rendered_width":645}