"0","Friday <- tide_stations("".*Friday"", harmonics = rtide::harmonics) #selects tide station for Friday Harbor"
"0","Station <- rep(Friday, nrow(tempdata)) #repeats it once for each row of the temperature dat"
"0","harmonicobject <- data_frame(Station, DateTime) # makes a new frame with the DateTimes from my temperature data plus the station name repeated for each row"
"2","Warning: `data_frame()` was deprecated in tibble 1.1.0.
Please use `tibble()` instead."
"0","FHtides <- tide_height_data(harmonicobject, harmonics = rtide::harmonics) #compute the tide at the time"
